"RelativePath","ResultFile","SourceUsed","SourcePath","MatchType"
"00-INDICE.md","C:\PROJETOS\SimulDIESEL\docs_reconstruida\00-INDICE.md","backup","C:\temp\docs_backup_simuldiesel\00-INDICE.md","backup_only"
"01-visao-geral\01-introducao.md","C:\PROJETOS\SimulDIESEL\docs_reconstruida\01-visao-geral\01-introducao.md","backup","C:\temp\docs_backup_simuldiesel\01-visao-geral\01-introducao.md","backup_only"
"01-visao-geral\02-objetivos.md","C:\PROJETOS\SimulDIESEL\docs_reconstruida\01-visao-geral\02-objetivos.md","backup","C:\temp\docs_backup_simuldiesel\01-visao-geral\02-objetivos.md","backup_only"
"01-visao-geral\03-escopo.md","C:\PROJETOS\SimulDIESEL\docs_reconstruida\01-visao-geral\03-escopo.md","backup","C:\temp\docs_backup_simuldiesel\01-visao-geral\03-escopo.md","backup_only"
"02-arquitetura\01-visao-arquitetural.md","C:\PROJETOS\SimulDIESEL\docs_reconstruida\02-arquitetura\01-visao-arquitetural.md","backup","C:\temp\docs_backup_simuldiesel\02-arquitetura\01-visao-arquitetural.md","backup_only"
"02-arquitetura\02-camadas-do-sistema.md","C:\PROJETOS\SimulDIESEL\docs_reconstruida\02-arquitetura\02-camadas-do-sistema.md","backup","C:\temp\docs_backup_simuldiesel\02-arquitetura\02-camadas-do-sistema.md","backup_only"
"02-arquitetura\03-fluxo-de-comunicacao.md","C:\PROJETOS\SimulDIESEL\docs_reconstruida\02-arquitetura\03-fluxo-de-comunicacao.md","backup","C:\temp\docs_backup_simuldiesel\02-arquitetura\03-fluxo-de-comunicacao.md","backup_only"
"03-hardware\01-backplane.md","C:\PROJETOS\SimulDIESEL\docs_reconstruida\03-hardware\01-backplane.md","backup","C:\temp\docs_backup_simuldiesel\03-hardware\01-backplane.md","backup_only"
"03-hardware\02-baby-boards.md","C:\PROJETOS\SimulDIESEL\docs_reconstruida\03-hardware\02-baby-boards.md","backup","C:\temp\docs_backup_simuldiesel\03-hardware\02-baby-boards.md","backup_only"
"03-hardware\03-barramentos.md","C:\PROJETOS\SimulDIESEL\docs_reconstruida\03-hardware\03-barramentos.md","backup","C:\temp\docs_backup_simuldiesel\03-hardware\03-barramentos.md","backup_only"
"03-hardware\04-alimentacao.md","C:\PROJETOS\SimulDIESEL\docs_reconstruida\03-hardware\04-alimentacao.md","backup","C:\temp\docs_backup_simuldiesel\03-hardware\04-alimentacao.md","backup_only"
"04-firmware\01-arquitetura-firmware.md","C:\PROJETOS\SimulDIESEL\docs_reconstruida\04-firmware\01-arquitetura-firmware.md","backup","C:\temp\docs_backup_simuldiesel\04-firmware\01-arquitetura-firmware.md","backup_only"
"04-firmware\02-drivers.md","C:\PROJETOS\SimulDIESEL\docs_reconstruida\04-firmware\02-drivers.md","backup","C:\temp\docs_backup_simuldiesel\04-firmware\02-drivers.md","backup_only"
"04-firmware\03-gerenciamento-recursos.md","C:\PROJETOS\SimulDIESEL\docs_reconstruida\04-firmware\03-gerenciamento-recursos.md","backup","C:\temp\docs_backup_simuldiesel\04-firmware\03-gerenciamento-recursos.md","backup_only"
"05-software-dashboard\01-arquitetura-software.md","C:\PROJETOS\SimulDIESEL\docs_reconstruida\05-software-dashboard\01-arquitetura-software.md","backup","C:\temp\docs_backup_simuldiesel\05-software-dashboard\01-arquitetura-software.md","backup_only"
"05-software-dashboard\02-interface-usuario.md","C:\PROJETOS\SimulDIESEL\docs_reconstruida\05-software-dashboard\02-interface-usuario.md","backup","C:\temp\docs_backup_simuldiesel\05-software-dashboard\02-interface-usuario.md","backup_only"
"05-software-dashboard\03-camada-hardware.md","C:\PROJETOS\SimulDIESEL\docs_reconstruida\05-software-dashboard\03-camada-hardware.md","backup","C:\temp\docs_backup_simuldiesel\05-software-dashboard\03-camada-hardware.md","backup_only"
"06-protocolos\01-sdh-command-model.md","C:\PROJETOS\SimulDIESEL\docs_reconstruida\06-protocolos\01-sdh-command-model.md","backup","C:\temp\docs_backup_simuldiesel\06-protocolos\01-sdh-command-model.md","backup_only"
"06-protocolos\02-can.md","C:\PROJETOS\SimulDIESEL\docs_reconstruida\06-protocolos\02-can.md","backup","C:\temp\docs_backup_simuldiesel\06-protocolos\02-can.md","backup_only"
"06-protocolos\03-j1939.md","C:\PROJETOS\SimulDIESEL\docs_reconstruida\06-protocolos\03-j1939.md","backup","C:\temp\docs_backup_simuldiesel\06-protocolos\03-j1939.md","backup_only"
"07-simulacoes\01-simulacao-modulos.md","C:\PROJETOS\SimulDIESEL\docs_reconstruida\07-simulacoes\01-simulacao-modulos.md","backup","C:\temp\docs_backup_simuldiesel\07-simulacoes\01-simulacao-modulos.md","backup_only"
"07-simulacoes\02-simulacao-sensores.md","C:\PROJETOS\SimulDIESEL\docs_reconstruida\07-simulacoes\02-simulacao-sensores.md","backup","C:\temp\docs_backup_simuldiesel\07-simulacoes\02-simulacao-sensores.md","backup_only"
"07-simulacoes\03-simulacao-atuadores.md","C:\PROJETOS\SimulDIESEL\docs_reconstruida\07-simulacoes\03-simulacao-atuadores.md","backup","C:\temp\docs_backup_simuldiesel\07-simulacoes\03-simulacao-atuadores.md","backup_only"
"08-casos-de-uso\01-manutencao-modulos.md","C:\PROJETOS\SimulDIESEL\docs_reconstruida\08-casos-de-uso\01-manutencao-modulos.md","backup","C:\temp\docs_backup_simuldiesel\08-casos-de-uso\01-manutencao-modulos.md","backup_only"
"08-casos-de-uso\02-diagnostico.md","C:\PROJETOS\SimulDIESEL\docs_reconstruida\08-casos-de-uso\02-diagnostico.md","backup","C:\temp\docs_backup_simuldiesel\08-casos-de-uso\02-diagnostico.md","backup_only"
"08-casos-de-uso\03-testes-bancada.md","C:\PROJETOS\SimulDIESEL\docs_reconstruida\08-casos-de-uso\03-testes-bancada.md","backup","C:\temp\docs_backup_simuldiesel\08-casos-de-uso\03-testes-bancada.md","backup_only"
"09-desenvolvimento\01-organizacao-repositorio.md","C:\PROJETOS\SimulDIESEL\docs_reconstruida\09-desenvolvimento\01-organizacao-repositorio.md","backup","C:\temp\docs_backup_simuldiesel\09-desenvolvimento\01-organizacao-repositorio.md","backup_only"
"09-desenvolvimento\02-padroes-codigo.md","C:\PROJETOS\SimulDIESEL\docs_reconstruida\09-desenvolvimento\02-padroes-codigo.md","backup","C:\temp\docs_backup_simuldiesel\09-desenvolvimento\02-padroes-codigo.md","backup_only"
"09-desenvolvimento\03-fluxo-git.md","C:\PROJETOS\SimulDIESEL\docs_reconstruida\09-desenvolvimento\03-fluxo-git.md","backup","C:\temp\docs_backup_simuldiesel\09-desenvolvimento\03-fluxo-git.md","backup_only"
"10-testes\01-testes-hardware.md","C:\PROJETOS\SimulDIESEL\docs_reconstruida\10-testes\01-testes-hardware.md","backup","C:\temp\docs_backup_simuldiesel\10-testes\01-testes-hardware.md","backup_only"
"10-testes\02-testes-firmware.md","C:\PROJETOS\SimulDIESEL\docs_reconstruida\10-testes\02-testes-firmware.md","backup","C:\temp\docs_backup_simuldiesel\10-testes\02-testes-firmware.md","backup_only"
"10-testes\03-testes-integracao.md","C:\PROJETOS\SimulDIESEL\docs_reconstruida\10-testes\03-testes-integracao.md","backup","C:\temp\docs_backup_simuldiesel\10-testes\03-testes-integracao.md","backup_only"
"11-planejamento\01-planejamento.md","C:\PROJETOS\SimulDIESEL\docs_reconstruida\11-planejamento\01-planejamento.md","backup","C:\temp\docs_backup_simuldiesel\11-planejamento\01-planejamento.md","backup_only"
"11-planejamento\02-proximas-funcionalidades.md","C:\PROJETOS\SimulDIESEL\docs_reconstruida\11-planejamento\02-proximas-funcionalidades.md","backup","C:\temp\docs_backup_simuldiesel\11-planejamento\02-proximas-funcionalidades.md","backup_only"
"12-documentacao-tecnica\01-especificacoes.md","C:\PROJETOS\SimulDIESEL\docs_reconstruida\12-documentacao-tecnica\01-especificacoes.md","backup","C:\temp\docs_backup_simuldiesel\12-documentacao-tecnica\01-especificacoes.md","backup_only"
"12-documentacao-tecnica\02-diagramas.md","C:\PROJETOS\SimulDIESEL\docs_reconstruida\12-documentacao-tecnica\02-diagramas.md","backup","C:\temp\docs_backup_simuldiesel\12-documentacao-tecnica\02-diagramas.md","backup_only"
"12-documentacao-tecnica\03-contratos-software.md","C:\PROJETOS\SimulDIESEL\docs_reconstruida\12-documentacao-tecnica\03-contratos-software.md","backup","C:\temp\docs_backup_simuldiesel\12-documentacao-tecnica\03-contratos-software.md","backup_only"
"archive\hardware-source-of-truth\01_arquitetura\05_babyboards\gsa\ESTRUTURA_INTERNA.md","C:\PROJETOS\SimulDIESEL\docs_reconstruida\archive\hardware-source-of-truth\01_arquitetura\05_babyboards\gsa\ESTRUTURA_INTERNA.md","current_docs","C:\PROJETOS\SimulDIESEL\docs\01_arquitetura\05_babyboards\gsa\ESTRUTURA_INTERNA.md","unique_name"
"archive\hardware-source-of-truth\01_arquitetura\05_babyboards\gsa\README.md","C:\PROJETOS\SimulDIESEL\docs_reconstruida\archive\hardware-source-of-truth\01_arquitetura\05_babyboards\gsa\README.md","backup","C:\temp\docs_backup_simuldiesel\archive\hardware-source-of-truth\01_arquitetura\05_babyboards\gsa\README.md","ambiguous_name"
"archive\hardware-source-of-truth\01_arquitetura\05_babyboards\README.md","C:\PROJETOS\SimulDIESEL\docs_reconstruida\archive\hardware-source-of-truth\01_arquitetura\05_babyboards\README.md","backup","C:\temp\docs_backup_simuldiesel\archive\hardware-source-of-truth\01_arquitetura\05_babyboards\README.md","ambiguous_name"
"archive\hardware-source-of-truth\05_hardware\gerador-sinais-analogicos-GSA\README.md","C:\PROJETOS\SimulDIESEL\docs_reconstruida\archive\hardware-source-of-truth\05_hardware\gerador-sinais-analogicos-GSA\README.md","backup","C:\temp\docs_backup_simuldiesel\archive\hardware-source-of-truth\05_hardware\gerador-sinais-analogicos-GSA\README.md","ambiguous_name"
"archive\hardware-source-of-truth\05_hardware\README.md","C:\PROJETOS\SimulDIESEL\docs_reconstruida\archive\hardware-source-of-truth\05_hardware\README.md","backup","C:\temp\docs_backup_simuldiesel\archive\hardware-source-of-truth\05_hardware\README.md","ambiguous_name"
"generated\uml\src\Communication Stack (Arquitetura)\Communication Stack (Arquitetura).svg","C:\PROJETOS\SimulDIESEL\docs_reconstruida\generated\uml\src\Communication Stack (Arquitetura)\Communication Stack (Arquitetura).svg","backup","C:\temp\docs_backup_simuldiesel\generated\uml\src\Communication Stack (Arquitetura)\Communication Stack (Arquitetura).svg","backup_only"
"generated\uml\src\DCU\DCU.svg","C:\PROJETOS\SimulDIESEL\docs_reconstruida\generated\uml\src\DCU\DCU.svg","backup","C:\temp\docs_backup_simuldiesel\generated\uml\src\DCU\DCU.svg","backup_only"
"generated\uml\src\localapi_communication_stack\localapi_communication_stack.svg","C:\PROJETOS\SimulDIESEL\docs_reconstruida\generated\uml\src\localapi_communication_stack\localapi_communication_stack.svg","backup","C:\temp\docs_backup_simuldiesel\generated\uml\src\localapi_communication_stack\localapi_communication_stack.svg","backup_only"
"generated\uml\src\SerialLink_Dispacher\SerialLink_Dispacher.svg","C:\PROJETOS\SimulDIESEL\docs_reconstruida\generated\uml\src\SerialLink_Dispacher\SerialLink_Dispacher.svg","backup","C:\temp\docs_backup_simuldiesel\generated\uml\src\SerialLink_Dispacher\SerialLink_Dispacher.svg","backup_only"
"generated\uml\src\simuldiesel_communication_stack\simuldiesel_communication_stack.svg","C:\PROJETOS\SimulDIESEL\docs_reconstruida\generated\uml\src\simuldiesel_communication_stack\simuldiesel_communication_stack.svg","backup","C:\temp\docs_backup_simuldiesel\generated\uml\src\simuldiesel_communication_stack\simuldiesel_communication_stack.svg","backup_only"
"legacy-docs\_auxiliar\_MIGRACAO_BASE.txt","C:\PROJETOS\SimulDIESEL\docs_reconstruida\legacy-docs\_auxiliar\_MIGRACAO_BASE.txt","backup","C:\temp\docs_backup_simuldiesel\legacy-docs\_auxiliar\_MIGRACAO_BASE.txt","backup_only"
"legacy-docs\_auxiliar\Script Gerador auto indice.txt","C:\PROJETOS\SimulDIESEL\docs_reconstruida\legacy-docs\_auxiliar\Script Gerador auto indice.txt","backup","C:\temp\docs_backup_simuldiesel\legacy-docs\_auxiliar\Script Gerador auto indice.txt","backup_only"
"legacy-docs\_auxiliar\Script listar todas as pastas.txt","C:\PROJETOS\SimulDIESEL\docs_reconstruida\legacy-docs\_auxiliar\Script listar todas as pastas.txt","backup","C:\temp\docs_backup_simuldiesel\legacy-docs\_auxiliar\Script listar todas as pastas.txt","backup_only"
"legacy-docs\00_visao-geral\MASTER_SPEC.md","C:\PROJETOS\SimulDIESEL\docs_reconstruida\legacy-docs\00_visao-geral\MASTER_SPEC.md","backup","C:\temp\docs_backup_simuldiesel\legacy-docs\00_visao-geral\MASTER_SPEC.md","backup_only"
"legacy-docs\00_visao-geral\README.md","C:\PROJETOS\SimulDIESEL\docs_reconstruida\legacy-docs\00_visao-geral\README.md","backup","C:\temp\docs_backup_simuldiesel\legacy-docs\00_visao-geral\README.md","ambiguous_name"
"legacy-docs\00-INDICE-LEGACY.md","C:\PROJETOS\SimulDIESEL\docs_reconstruida\legacy-docs\00-INDICE-LEGACY.md","backup","C:\temp\docs_backup_simuldiesel\legacy-docs\00-INDICE-LEGACY.md","backup_only"
"legacy-docs\01_arquitetura\00_contratos\CONTRATO_CENTRAL.md","C:\PROJETOS\SimulDIESEL\docs_reconstruida\legacy-docs\01_arquitetura\00_contratos\CONTRATO_CENTRAL.md","current_docs","C:\PROJETOS\SimulDIESEL\docs\01_arquitetura\00_contratos\CONTRATO_CENTRAL.md","unique_name"
"legacy-docs\01_arquitetura\00_contratos\CONTRATO_GATEWAY.md","C:\PROJETOS\SimulDIESEL\docs_reconstruida\legacy-docs\01_arquitetura\00_contratos\CONTRATO_GATEWAY.md","current_docs","C:\PROJETOS\SimulDIESEL\docs\01_arquitetura\00_contratos\CONTRATO_GATEWAY.md","unique_name"
"legacy-docs\01_arquitetura\00_contratos\CONTRATO_GSA.md","C:\PROJETOS\SimulDIESEL\docs_reconstruida\legacy-docs\01_arquitetura\00_contratos\CONTRATO_GSA.md","current_docs","C:\PROJETOS\SimulDIESEL\docs\01_arquitetura\00_contratos\CONTRATO_GSA.md","unique_name"
"legacy-docs\01_arquitetura\00_contratos\README.md","C:\PROJETOS\SimulDIESEL\docs_reconstruida\legacy-docs\01_arquitetura\00_contratos\README.md","backup","C:\temp\docs_backup_simuldiesel\legacy-docs\01_arquitetura\00_contratos\README.md","ambiguous_name"
"legacy-docs\01_arquitetura\01_protocolos\README.md","C:\PROJETOS\SimulDIESEL\docs_reconstruida\legacy-docs\01_arquitetura\01_protocolos\README.md","backup","C:\temp\docs_backup_simuldiesel\legacy-docs\01_arquitetura\01_protocolos\README.md","ambiguous_name"
"legacy-docs\01_arquitetura\01_protocolos\sggw\examples\ack.hex","C:\PROJETOS\SimulDIESEL\docs_reconstruida\legacy-docs\01_arquitetura\01_protocolos\sggw\examples\ack.hex","current_docs","C:\PROJETOS\SimulDIESEL\docs\01_arquitetura\01_protocolos\sggw\examples\ack.hex","unique_name"
"legacy-docs\01_arquitetura\01_protocolos\sggw\examples\event-level.hex","C:\PROJETOS\SimulDIESEL\docs_reconstruida\legacy-docs\01_arquitetura\01_protocolos\sggw\examples\event-level.hex","current_docs","C:\PROJETOS\SimulDIESEL\docs\01_arquitetura\01_protocolos\sggw\examples\event-level.hex","unique_name"
"legacy-docs\01_arquitetura\01_protocolos\sggw\examples\payload-with-zero.hex","C:\PROJETOS\SimulDIESEL\docs_reconstruida\legacy-docs\01_arquitetura\01_protocolos\sggw\examples\payload-with-zero.hex","current_docs","C:\PROJETOS\SimulDIESEL\docs\01_arquitetura\01_protocolos\sggw\examples\payload-with-zero.hex","unique_name"
"legacy-docs\01_arquitetura\01_protocolos\sggw\examples\ping.hex","C:\PROJETOS\SimulDIESEL\docs_reconstruida\legacy-docs\01_arquitetura\01_protocolos\sggw\examples\ping.hex","current_docs","C:\PROJETOS\SimulDIESEL\docs\01_arquitetura\01_protocolos\sggw\examples\ping.hex","unique_name"
"legacy-docs\01_arquitetura\01_protocolos\sggw\examples\README.md","C:\PROJETOS\SimulDIESEL\docs_reconstruida\legacy-docs\01_arquitetura\01_protocolos\sggw\examples\README.md","backup","C:\temp\docs_backup_simuldiesel\legacy-docs\01_arquitetura\01_protocolos\sggw\examples\README.md","ambiguous_name"
"legacy-docs\01_arquitetura\01_protocolos\sggw\interface.pt-BR.md","C:\PROJETOS\SimulDIESEL\docs_reconstruida\legacy-docs\01_arquitetura\01_protocolos\sggw\interface.pt-BR.md","current_docs","C:\PROJETOS\SimulDIESEL\docs\01_arquitetura\01_protocolos\sggw\interface.pt-BR.md","unique_name"
"legacy-docs\01_arquitetura\01_protocolos\sggw\README.md","C:\PROJETOS\SimulDIESEL\docs_reconstruida\legacy-docs\01_arquitetura\01_protocolos\sggw\README.md","backup","C:\temp\docs_backup_simuldiesel\legacy-docs\01_arquitetura\01_protocolos\sggw\README.md","ambiguous_name"
"legacy-docs\01_arquitetura\01_protocolos\sggw\spec.pt-BR.md","C:\PROJETOS\SimulDIESEL\docs_reconstruida\legacy-docs\01_arquitetura\01_protocolos\sggw\spec.pt-BR.md","current_docs","C:\PROJETOS\SimulDIESEL\docs\01_arquitetura\01_protocolos\sggw\spec.pt-BR.md","unique_name"
"legacy-docs\01_arquitetura\02_integracoes\esp32_to_due.md","C:\PROJETOS\SimulDIESEL\docs_reconstruida\legacy-docs\01_arquitetura\02_integracoes\esp32_to_due.md","current_docs","C:\PROJETOS\SimulDIESEL\docs\01_arquitetura\02_integracoes\esp32_to_due.md","unique_name"
"legacy-docs\01_arquitetura\02_integracoes\esp32_to_mega.md","C:\PROJETOS\SimulDIESEL\docs_reconstruida\legacy-docs\01_arquitetura\02_integracoes\esp32_to_mega.md","current_docs","C:\PROJETOS\SimulDIESEL\docs\01_arquitetura\02_integracoes\esp32_to_mega.md","unique_name"
"legacy-docs\01_arquitetura\02_integracoes\local-api_to_esp32.md","C:\PROJETOS\SimulDIESEL\docs_reconstruida\legacy-docs\01_arquitetura\02_integracoes\local-api_to_esp32.md","current_docs","C:\PROJETOS\SimulDIESEL\docs\01_arquitetura\02_integracoes\local-api_to_esp32.md","unique_name"
"legacy-docs\01_arquitetura\02_integracoes\README.md","C:\PROJETOS\SimulDIESEL\docs_reconstruida\legacy-docs\01_arquitetura\02_integracoes\README.md","backup","C:\temp\docs_backup_simuldiesel\legacy-docs\01_arquitetura\02_integracoes\README.md","ambiguous_name"
"legacy-docs\01_arquitetura\03_gateway\DEVICE_TABLE.md","C:\PROJETOS\SimulDIESEL\docs_reconstruida\legacy-docs\01_arquitetura\03_gateway\DEVICE_TABLE.md","current_docs","C:\PROJETOS\SimulDIESEL\docs\01_arquitetura\03_gateway\DEVICE_TABLE.md","unique_name"
"legacy-docs\01_arquitetura\03_gateway\I2C_TLV_CRC.md","C:\PROJETOS\SimulDIESEL\docs_reconstruida\legacy-docs\01_arquitetura\03_gateway\I2C_TLV_CRC.md","current_docs","C:\PROJETOS\SimulDIESEL\docs\01_arquitetura\03_gateway\I2C_TLV_CRC.md","unique_name"
"legacy-docs\01_arquitetura\03_gateway\README.md","C:\PROJETOS\SimulDIESEL\docs_reconstruida\legacy-docs\01_arquitetura\03_gateway\README.md","backup","C:\temp\docs_backup_simuldiesel\legacy-docs\01_arquitetura\03_gateway\README.md","ambiguous_name"
"legacy-docs\01_arquitetura\03_gateway\ROUTER.md","C:\PROJETOS\SimulDIESEL\docs_reconstruida\legacy-docs\01_arquitetura\03_gateway\ROUTER.md","current_docs","C:\PROJETOS\SimulDIESEL\docs\01_arquitetura\03_gateway\ROUTER.md","unique_name"
"legacy-docs\01_arquitetura\04_pc\architecture-overview.md","C:\PROJETOS\SimulDIESEL\docs_reconstruida\legacy-docs\01_arquitetura\04_pc\architecture-overview.md","current_docs","C:\PROJETOS\SimulDIESEL\docs\01_arquitetura\04_pc\architecture-overview.md","unique_name"
"legacy-docs\01_arquitetura\04_pc\health-service.md","C:\PROJETOS\SimulDIESEL\docs_reconstruida\legacy-docs\01_arquitetura\04_pc\health-service.md","backup","C:\temp\docs_backup_simuldiesel\legacy-docs\01_arquitetura\04_pc\health-service.md","backup_only"
"legacy-docs\01_arquitetura\04_pc\link-engine.md","C:\PROJETOS\SimulDIESEL\docs_reconstruida\legacy-docs\01_arquitetura\04_pc\link-engine.md","backup","C:\temp\docs_backup_simuldiesel\legacy-docs\01_arquitetura\04_pc\link-engine.md","backup_only"
"legacy-docs\01_arquitetura\04_pc\link-handshake.md","C:\PROJETOS\SimulDIESEL\docs_reconstruida\legacy-docs\01_arquitetura\04_pc\link-handshake.md","current_docs","C:\PROJETOS\SimulDIESEL\docs\01_arquitetura\04_pc\link-handshake.md","unique_name"
"legacy-docs\01_arquitetura\04_pc\README.md","C:\PROJETOS\SimulDIESEL\docs_reconstruida\legacy-docs\01_arquitetura\04_pc\README.md","backup","C:\temp\docs_backup_simuldiesel\legacy-docs\01_arquitetura\04_pc\README.md","ambiguous_name"
"legacy-docs\01_arquitetura\04_pc\serial-connection.md","C:\PROJETOS\SimulDIESEL\docs_reconstruida\legacy-docs\01_arquitetura\04_pc\serial-connection.md","current_docs","C:\PROJETOS\SimulDIESEL\docs\01_arquitetura\04_pc\serial-connection.md","unique_name"
"legacy-docs\01_arquitetura\04_pc\serial-transport.md","C:\PROJETOS\SimulDIESEL\docs_reconstruida\legacy-docs\01_arquitetura\04_pc\serial-transport.md","backup","C:\temp\docs_backup_simuldiesel\legacy-docs\01_arquitetura\04_pc\serial-transport.md","backup_only"
"legacy-docs\01_arquitetura\04_pc\sggw-client.md","C:\PROJETOS\SimulDIESEL\docs_reconstruida\legacy-docs\01_arquitetura\04_pc\sggw-client.md","backup","C:\temp\docs_backup_simuldiesel\legacy-docs\01_arquitetura\04_pc\sggw-client.md","backup_only"
"legacy-docs\01_arquitetura\05_babyboards\gsa\ARQUITETURA.md","C:\PROJETOS\SimulDIESEL\docs_reconstruida\legacy-docs\01_arquitetura\05_babyboards\gsa\ARQUITETURA.md","backup","C:\temp\docs_backup_simuldiesel\legacy-docs\01_arquitetura\05_babyboards\gsa\ARQUITETURA.md","backup_only"
"legacy-docs\01_arquitetura\05_babyboards\gsa\CONFIGURACAO.md","C:\PROJETOS\SimulDIESEL\docs_reconstruida\legacy-docs\01_arquitetura\05_babyboards\gsa\CONFIGURACAO.md","backup","C:\temp\docs_backup_simuldiesel\legacy-docs\01_arquitetura\05_babyboards\gsa\CONFIGURACAO.md","backup_only"
"legacy-docs\01_arquitetura\05_babyboards\gsa\ESTRUTURA_INTERNA.md","C:\PROJETOS\SimulDIESEL\docs_reconstruida\legacy-docs\01_arquitetura\05_babyboards\gsa\ESTRUTURA_INTERNA.md","current_docs","C:\PROJETOS\SimulDIESEL\docs\01_arquitetura\05_babyboards\gsa\ESTRUTURA_INTERNA.md","unique_name"
"legacy-docs\01_arquitetura\05_babyboards\gsa\FLUXO_EXECUCAO.md","C:\PROJETOS\SimulDIESEL\docs_reconstruida\legacy-docs\01_arquitetura\05_babyboards\gsa\FLUXO_EXECUCAO.md","backup","C:\temp\docs_backup_simuldiesel\legacy-docs\01_arquitetura\05_babyboards\gsa\FLUXO_EXECUCAO.md","backup_only"
"legacy-docs\01_arquitetura\05_babyboards\gsa\PINOUT.md","C:\PROJETOS\SimulDIESEL\docs_reconstruida\legacy-docs\01_arquitetura\05_babyboards\gsa\PINOUT.md","backup","C:\temp\docs_backup_simuldiesel\legacy-docs\01_arquitetura\05_babyboards\gsa\PINOUT.md","backup_only"
"legacy-docs\01_arquitetura\05_babyboards\gsa\PROTOCOLO.md","C:\PROJETOS\SimulDIESEL\docs_reconstruida\legacy-docs\01_arquitetura\05_babyboards\gsa\PROTOCOLO.md","backup","C:\temp\docs_backup_simuldiesel\legacy-docs\01_arquitetura\05_babyboards\gsa\PROTOCOLO.md","backup_only"
"legacy-docs\01_arquitetura\05_babyboards\gsa\README.md","C:\PROJETOS\SimulDIESEL\docs_reconstruida\legacy-docs\01_arquitetura\05_babyboards\gsa\README.md","backup","C:\temp\docs_backup_simuldiesel\legacy-docs\01_arquitetura\05_babyboards\gsa\README.md","ambiguous_name"
"legacy-docs\01_arquitetura\05_babyboards\README.md","C:\PROJETOS\SimulDIESEL\docs_reconstruida\legacy-docs\01_arquitetura\05_babyboards\README.md","backup","C:\temp\docs_backup_simuldiesel\legacy-docs\01_arquitetura\05_babyboards\README.md","ambiguous_name"
"legacy-docs\01_arquitetura\README.md","C:\PROJETOS\SimulDIESEL\docs_reconstruida\legacy-docs\01_arquitetura\README.md","backup","C:\temp\docs_backup_simuldiesel\legacy-docs\01_arquitetura\README.md","ambiguous_name"
"legacy-docs\04_desenvolvimento\adr\ADR-0007-cobs-crc8.pt-BR.md","C:\PROJETOS\SimulDIESEL\docs_reconstruida\legacy-docs\04_desenvolvimento\adr\ADR-0007-cobs-crc8.pt-BR.md","current_docs","C:\PROJETOS\SimulDIESEL\docs\04_desenvolvimento\adr\ADR-0007-cobs-crc8.pt-BR.md","unique_name"
"legacy-docs\04_desenvolvimento\adr\README.md","C:\PROJETOS\SimulDIESEL\docs_reconstruida\legacy-docs\04_desenvolvimento\adr\README.md","backup","C:\temp\docs_backup_simuldiesel\legacy-docs\04_desenvolvimento\adr\README.md","ambiguous_name"
"legacy-docs\04_desenvolvimento\README.md","C:\PROJETOS\SimulDIESEL\docs_reconstruida\legacy-docs\04_desenvolvimento\README.md","backup","C:\temp\docs_backup_simuldiesel\legacy-docs\04_desenvolvimento\README.md","ambiguous_name"
"legacy-docs\04_desenvolvimento\technical-roadmap.md","C:\PROJETOS\SimulDIESEL\docs_reconstruida\legacy-docs\04_desenvolvimento\technical-roadmap.md","current_docs","C:\PROJETOS\SimulDIESEL\docs\04_desenvolvimento\technical-roadmap.md","unique_name"
"legacy-docs\05_hardware\gerador-sinais-analogicos-GSA\ARQUITETURA.md","C:\PROJETOS\SimulDIESEL\docs_reconstruida\legacy-docs\05_hardware\gerador-sinais-analogicos-GSA\ARQUITETURA.md","backup","C:\temp\docs_backup_simuldiesel\legacy-docs\05_hardware\gerador-sinais-analogicos-GSA\ARQUITETURA.md","backup_only"
"legacy-docs\05_hardware\gerador-sinais-analogicos-GSA\CONFIGURACAO.md","C:\PROJETOS\SimulDIESEL\docs_reconstruida\legacy-docs\05_hardware\gerador-sinais-analogicos-GSA\CONFIGURACAO.md","backup","C:\temp\docs_backup_simuldiesel\legacy-docs\05_hardware\gerador-sinais-analogicos-GSA\CONFIGURACAO.md","backup_only"
"legacy-docs\05_hardware\gerador-sinais-analogicos-GSA\FLUXO_EXECUCAO.md","C:\PROJETOS\SimulDIESEL\docs_reconstruida\legacy-docs\05_hardware\gerador-sinais-analogicos-GSA\FLUXO_EXECUCAO.md","backup","C:\temp\docs_backup_simuldiesel\legacy-docs\05_hardware\gerador-sinais-analogicos-GSA\FLUXO_EXECUCAO.md","backup_only"
"legacy-docs\05_hardware\gerador-sinais-analogicos-GSA\PINOUT.md","C:\PROJETOS\SimulDIESEL\docs_reconstruida\legacy-docs\05_hardware\gerador-sinais-analogicos-GSA\PINOUT.md","backup","C:\temp\docs_backup_simuldiesel\legacy-docs\05_hardware\gerador-sinais-analogicos-GSA\PINOUT.md","backup_only"
"legacy-docs\05_hardware\gerador-sinais-analogicos-GSA\PROTOCOLO.md","C:\PROJETOS\SimulDIESEL\docs_reconstruida\legacy-docs\05_hardware\gerador-sinais-analogicos-GSA\PROTOCOLO.md","backup","C:\temp\docs_backup_simuldiesel\legacy-docs\05_hardware\gerador-sinais-analogicos-GSA\PROTOCOLO.md","backup_only"
"legacy-docs\05_hardware\gerador-sinais-analogicos-GSA\README.md","C:\PROJETOS\SimulDIESEL\docs_reconstruida\legacy-docs\05_hardware\gerador-sinais-analogicos-GSA\README.md","backup","C:\temp\docs_backup_simuldiesel\legacy-docs\05_hardware\gerador-sinais-analogicos-GSA\README.md","ambiguous_name"
"legacy-docs\05_hardware\README.md","C:\PROJETOS\SimulDIESEL\docs_reconstruida\legacy-docs\05_hardware\README.md","backup","C:\temp\docs_backup_simuldiesel\legacy-docs\05_hardware\README.md","ambiguous_name"
"README.md","C:\PROJETOS\SimulDIESEL\docs_reconstruida\README.md","current_docs","C:\PROJETOS\SimulDIESEL\docs\README.md","exact_relative"
"tools\check-links.ps1","C:\PROJETOS\SimulDIESEL\docs_reconstruida\tools\check-links.ps1","current_docs","C:\PROJETOS\SimulDIESEL\docs\tools\check-links.ps1","exact_relative"
